,crypto,crypto_unit
0,BTC,0.0190096646267369
1,DOGE,24.390243902439018
2,ETH,0.013802622498274672
3,XRP,40.943334425155584
